<manifest alg="2" build="2017.0.2.363" opt="true" iceEnabled="true" iceMarkupVersion="2" iceEnabledOptions="link,responsive,cachebuster,textStyling" exportTarget="other" domain="Art-Like.com.ua" resolutions="1x" timestamp="1490036166635">
  <folder name="css">
    <file name="site_global.css" crc="443350757"/>
    <file name="master_______-a.css" crc="4223815723" ref="index:portfolio"/>
    <file name="index.css" crc="133842716" ref="index"/>
    <file name="portfolio.css" crc="3831767972" ref="portfolio"/>
  </folder>
  <folder name="fonts">
    <file name="ftn55.woff" crc="3765503396"/>
    <file name="ftn55.eot" crc="3860788142"/>
    <file name="ftn55.svg" crc="3972767537"/>
    <file name="futura light.woff" crc="4101623062"/>
    <file name="futura light.eot" crc="3931138806"/>
    <file name="futura light.svg" crc="4264483022"/>
    <file name="bigbossicon.woff" crc="331700122"/>
    <file name="bigbossicon.eot" crc="492749460"/>
    <file name="bigbossicon.svg" crc="4248078019"/>
    <file name="ftn85.woff" crc="4028784721"/>
    <file name="ftn85.eot" crc="4291469010"/>
    <file name="ftn85.svg" crc="3909118930"/>
  </folder>
  <folder name="scripts">
    <file name="jquery-1.8.3.min.js" crc="209076791" ref="tablet>index:tablet>portfolio:index:portfolio"/>
    <file name="museutils.js" crc="4232573551" ref="tablet>index:tablet>portfolio:index:portfolio"/>
    <file name="whatinput.js" crc="86476730" ref="tablet>index:tablet>portfolio:index:portfolio"/>
    <file name="museconfig.js" crc="4152223963" ref="tablet>index:tablet>portfolio:index:portfolio"/>
    <file name="jquery.watch.js" crc="3844535323" ref="tablet>index:tablet>portfolio:index:portfolio"/>
    <file name="webpro.js" crc="3770351119" ref="tablet>index:tablet>portfolio:index:portfolio"/>
    <file name="musewpslideshow.js" crc="4244742588" ref="tablet>index:tablet>portfolio:index:portfolio"/>
    <file name="jquery.museoverlay.js" crc="432750910" ref="tablet>index:tablet>portfolio:index:portfolio"/>
    <file name="touchswipe.js" crc="3912873526" ref="tablet>index:tablet>portfolio:index:portfolio"/>
    <file name="jquery.musemenu.js" crc="38860304" ref="tablet>index:tablet>portfolio:index:portfolio"/>
    <file name="jquery.musepolyfill.bgsize.js" crc="3880853905" ref="tablet>index:index"/>
    <file name="form_check.php" crc="3841221102" ref="tablet>index"/>
    <file name="form_throttle.php" crc="4048049783" ref="tablet>index"/>
    <file name="form_process.php" crc="3899230280" ref="tablet>index"/>
    <file name="form-u11107.php" crc="3923951873" ref="tablet>index"/>
    <file name="html5shiv.js" crc="4241844378" ref="tablet>index:tablet>portfolio:index:portfolio"/>
    <file name="require.js" crc="4234670167" ref="tablet>index:tablet>portfolio:index:portfolio"/>
    <file name="form-u10571.php" crc="4193456485" ref="tablet>portfolio"/>
    <file name="form-u1525.php" crc="4056862136" ref="index"/>
    <file name="form-u3535.php" crc="3807979485" ref="portfolio"/>
  </folder>
  <folder name="images">
    <file name="artlike-favicon.ico" crc="355683197" ref="tablet>index"/>
    <file name="artlike_kartinu_rospis_glavnaya_interuer_4.jpg" crc="49638581" seo="true" ref="tablet>index:tablet>portfolio:index:portfolio">
      <caption webpage="index" alt=""/>
      <caption webpage="index" alt=""/>
      <caption webpage="portfolio" alt=""/>
      <caption webpage="portfolio" alt=""/>
    </file>
    <file name="blank.gif" crc="4208392903" ref="tablet>index:tablet>portfolio:index:portfolio"/>
    <file name="artlike_kartinu_rospis_glavnaya_interuer_13.jpg" crc="507768341" seo="true" ref="tablet>index:tablet>portfolio:portfolio">
      <caption webpage="index" alt=""/>
      <caption webpage="portfolio" alt=""/>
      <caption webpage="portfolio" alt=""/>
    </file>
    <file name="artlike_kartinu_rospis_glavnaya_interuer_14.jpg" crc="147240843" seo="true" ref="tablet>index:tablet>portfolio:portfolio">
      <caption webpage="index" alt=""/>
      <caption webpage="portfolio" alt=""/>
      <caption webpage="portfolio" alt=""/>
    </file>
    <file name="loading.gif" crc="3815509949" ref="tablet>index:tablet>portfolio:index:portfolio"/>
    <file name="u9056.png" crc="126560769" ref="tablet>index"/>
    <file name="u9056-r.png" crc="268186419" ref="tablet>index"/>
    <file name="u9058.png" crc="4286956982" ref="tablet>index"/>
    <file name="u9058-r.png" crc="4042713813" ref="tablet>index"/>
    <file name="u9060.png" crc="428782059" ref="tablet>index"/>
    <file name="u9060-r.png" crc="4116183067" ref="tablet>index"/>
    <file name="menu1vid-u9135.png" crc="3907007051" ref="tablet>index"/>
    <file name="menu1vid-u9135-r.png" crc="249139334" ref="tablet>index"/>
    <file name="menu1vid-u9135-m.png" crc="56887487" ref="tablet>index"/>
    <file name="menu2vid-u9135-a.png" crc="3820834120" ref="tablet>index"/>
    <file name="1vlok_ptjrw-u9108-fr.jpg" crc="432361985" ref="tablet>index"/>
    <file name="khmicc9krwm-u9101-fr.jpg" crc="243930891" ref="tablet>index:index"/>
    <file name="ua6gyjmkjrm.jpg" crc="4169168167" seo="true" ref="tablet>index:tablet>portfolio:index:portfolio">
      <caption webpage="index" alt=""/>
      <caption webpage="portfolio" alt=""/>
      <caption webpage="portfolio" alt=""/>
    </file>
    <file name="artlike_globe.png" crc="491176576" seo="true" ref="tablet>index:index">
      <caption webpage="index" alt=""/>
      <caption webpage="index" alt=""/>
    </file>
    <file name="artlike_check1.png" crc="4063882864" seo="true" ref="tablet>index:index">
      <caption webpage="index" alt=""/>
      <caption webpage="index" alt=""/>
    </file>
    <file name="artlike_hourglass1.png" crc="458727270" seo="true" ref="tablet>index:index">
      <caption webpage="index" alt=""/>
      <caption webpage="index" alt=""/>
    </file>
    <file name="artlike_car.png" crc="36571705" seo="true" ref="tablet>index:index">
      <caption webpage="index" alt=""/>
      <caption webpage="index" alt=""/>
    </file>
    <file name="artlike_rulertriangle.png" crc="4008363436" seo="true" ref="tablet>index:index">
      <caption webpage="index" alt=""/>
      <caption webpage="index" alt=""/>
    </file>
    <file name="artlike_12.png" crc="44405767" seo="true" ref="tablet>index:index">
      <caption webpage="index" alt=""/>
      <caption webpage="index" alt=""/>
    </file>
    <file name="artlike_paintroller.png" crc="134535198" seo="true" ref="tablet>index:index">
      <caption webpage="index" alt=""/>
      <caption webpage="index" alt=""/>
    </file>
    <file name="artlike_brushpencil1.png" crc="55610068" seo="true" ref="tablet>index:index">
      <caption webpage="index" alt=""/>
      <caption webpage="index" alt=""/>
    </file>
    <file name="artlike_clock.png" crc="463616833" seo="true" ref="tablet>index:index">
      <caption webpage="index" alt=""/>
      <caption webpage="index" alt=""/>
    </file>
    <file name="artlike_compose.png" crc="167469073" seo="true" ref="tablet>index:index">
      <caption webpage="index" alt=""/>
      <caption webpage="index" alt=""/>
    </file>
    <file name="mail.png" crc="4006029182" seo="true" ref="tablet>index:index">
      <caption webpage="index" alt=""/>
      <caption webpage="index" alt=""/>
    </file>
    <file name="insta.png" crc="3988992269" seo="true" ref="tablet>index:index">
      <caption webpage="index" alt=""/>
      <caption webpage="index" alt=""/>
    </file>
    <file name="portfolio-favicon.ico" crc="355683197" ref="tablet>portfolio"/>
    <file name="u10162.png" crc="126560769" ref="tablet>portfolio"/>
    <file name="u10162-r.png" crc="268186419" ref="tablet>portfolio"/>
    <file name="u10164.png" crc="4286956982" ref="tablet>portfolio"/>
    <file name="u10164-r.png" crc="4042713813" ref="tablet>portfolio"/>
    <file name="u10166.png" crc="428782059" ref="tablet>portfolio"/>
    <file name="u10166-r.png" crc="4116183067" ref="tablet>portfolio"/>
    <file name="menu1vid-u11251.png" crc="141938457" ref="tablet>portfolio"/>
    <file name="menu1vid-u11251-r.png" crc="249139334" ref="tablet>portfolio"/>
    <file name="menu1vid-u11251-m.png" crc="56887487" ref="tablet>portfolio"/>
    <file name="menu2vid-u11251-a.png" crc="4108367234" ref="tablet>portfolio"/>
    <file name="1vlok_ptjrw.jpg" crc="164231627" seo="true" ref="tablet>portfolio:index">
      <caption webpage="portfolio" alt=""/>
    </file>
    <file name="5os6ssdnyjs.jpg" crc="4062972235" seo="true" ref="tablet>portfolio">
      <caption webpage="portfolio" alt=""/>
    </file>
    <file name="69mu3vgbyma.jpg" crc="4256391466" seo="true" ref="tablet>portfolio">
      <caption webpage="portfolio" alt=""/>
    </file>
    <file name="b1renst2kdq.jpg" crc="358668448" seo="true" ref="tablet>portfolio">
      <caption webpage="portfolio" alt=""/>
    </file>
    <file name="c7veixr-x64.jpg" crc="354010915" seo="true" ref="tablet>portfolio">
      <caption webpage="portfolio" alt=""/>
    </file>
    <file name="caqv15u09kw.jpg" crc="454347762" seo="true" ref="tablet>portfolio">
      <caption webpage="portfolio" alt=""/>
    </file>
    <file name="f4zmdhir_34.jpg" crc="3956263828" seo="true" ref="tablet>portfolio">
      <caption webpage="portfolio" alt=""/>
    </file>
    <file name="fflgf4rvuhy.jpg" crc="65197699" seo="true" ref="tablet>portfolio:portfolio">
      <caption webpage="portfolio" alt=""/>
      <caption webpage="portfolio" alt=""/>
    </file>
    <file name="khmicc9krwm.jpg" crc="3893030939" seo="true" ref="tablet>portfolio">
      <caption webpage="portfolio" alt=""/>
    </file>
    <file name="m3c_ptf1uom.jpg" crc="182684703" seo="true" ref="tablet>portfolio">
      <caption webpage="portfolio" alt=""/>
    </file>
    <file name="n7kdt-hbh9y.jpg" crc="3216775" seo="true" ref="tablet>portfolio">
      <caption webpage="portfolio" alt=""/>
    </file>
    <file name="t7nzmxuvuv0.jpg" crc="4194905468" seo="true" ref="tablet>portfolio">
      <caption webpage="portfolio" alt=""/>
    </file>
    <file name="vvl5ohtpm7u.jpg" crc="237185906" seo="true" ref="tablet>portfolio">
      <caption webpage="portfolio" alt=""/>
    </file>
    <file name="x_rgjvr5qfs.jpg" crc="3921795403" seo="true" ref="tablet>portfolio">
      <caption webpage="portfolio" alt=""/>
    </file>
    <file name="artlike_kartinu_madamglamour_interuer.jpg" crc="4146408384" seo="true" ref="tablet>portfolio">
      <caption webpage="portfolio" alt=""/>
    </file>
    <file name="artlike_kartinu_madamglamour_interuer_2017.jpg" crc="3815368205" seo="true" ref="tablet>portfolio">
      <caption webpage="portfolio" alt=""/>
    </file>
    <file name="fk_cdbltjb8.jpg" crc="4157780064" seo="true" ref="tablet>portfolio:portfolio">
      <caption webpage="portfolio" alt=""/>
      <caption webpage="portfolio" alt=""/>
    </file>
    <file name="htyfv089bju.jpg" crc="69231315" seo="true" ref="tablet>portfolio:portfolio">
      <caption webpage="portfolio" alt=""/>
      <caption webpage="portfolio" alt=""/>
    </file>
    <file name="iypba4v9emq.jpg" crc="177661273" seo="true" ref="tablet>portfolio:portfolio">
      <caption webpage="portfolio" alt=""/>
      <caption webpage="portfolio" alt=""/>
    </file>
    <file name="psdr9pelwkw.jpg" crc="4241384949" seo="true" ref="tablet>portfolio:portfolio">
      <caption webpage="portfolio" alt=""/>
      <caption webpage="portfolio" alt=""/>
    </file>
    <file name="tlkilgtly7y.jpg" crc="4216958379" seo="true" ref="tablet>portfolio:portfolio">
      <caption webpage="portfolio" alt=""/>
      <caption webpage="portfolio" alt=""/>
    </file>
    <file name="usxapiikgiw.jpg" crc="46044237" seo="true" ref="tablet>portfolio:portfolio">
      <caption webpage="portfolio" alt=""/>
      <caption webpage="portfolio" alt=""/>
    </file>
    <file name="wkcyrpgpcoa.jpg" crc="4109329101" seo="true" ref="tablet>portfolio:portfolio">
      <caption webpage="portfolio" alt=""/>
      <caption webpage="portfolio" alt=""/>
    </file>
    <file name="zqzlyrzqbku.jpg" crc="4287454437" seo="true" ref="tablet>portfolio:portfolio">
      <caption webpage="portfolio" alt=""/>
      <caption webpage="portfolio" alt=""/>
    </file>
    <file name="artlike_kartinu_rospis_glavnaya_interuer_132.jpg" crc="507768341" seo="true" ref="index">
      <caption webpage="index" alt=""/>
    </file>
    <file name="artlike_kartinu_rospis_glavnaya_interuer_142.jpg" crc="147240843" seo="true" ref="index">
      <caption webpage="index" alt=""/>
    </file>
    <file name="u1076.png" crc="359629610" ref="index"/>
    <file name="u1076-r.png" crc="268186419" ref="index"/>
    <file name="u1084.png" crc="275925829" ref="index"/>
    <file name="u1084-r.png" crc="4042713813" ref="index"/>
    <file name="u1091.png" crc="168690315" ref="index"/>
    <file name="u1091-r.png" crc="4116183067" ref="index"/>
    <file name="u5206.png" crc="359629610" ref="portfolio"/>
    <file name="u5206-r.png" crc="268186419" ref="portfolio"/>
    <file name="u5208.png" crc="275925829" ref="portfolio"/>
    <file name="u5208-r.png" crc="4042713813" ref="portfolio"/>
    <file name="u5210.png" crc="168690315" ref="portfolio"/>
    <file name="u5210-r.png" crc="4116183067" ref="portfolio"/>
    <file name="1vlok_ptjrw465x457.jpg" crc="4178940001" seo="true" ref="portfolio">
      <caption webpage="portfolio" alt=""/>
    </file>
    <file name="artlike_kartinu_madamglamour_interuer-crop-u13372.jpg" crc="178399854" seo="true" ref="portfolio">
      <caption webpage="portfolio" alt=""/>
    </file>
    <file name="artlike_kartinu_madamglamour_interuer_2017-crop-u13392.jpg" crc="224745231" seo="true" ref="portfolio">
      <caption webpage="portfolio" alt=""/>
    </file>
    <file name="5os6ssdnyjs2.jpg" crc="253322428" seo="true" ref="portfolio">
      <caption webpage="portfolio" alt=""/>
    </file>
    <file name="69mu3vgbyma2.jpg" crc="336602971" seo="true" ref="portfolio">
      <caption webpage="portfolio" alt=""/>
    </file>
    <file name="b1renst2kdq2.jpg" crc="525307050" seo="true" ref="portfolio">
      <caption webpage="portfolio" alt=""/>
    </file>
    <file name="c7veixr-x642.jpg" crc="4222022651" seo="true" ref="portfolio">
      <caption webpage="portfolio" alt=""/>
    </file>
    <file name="caqv15u09kw2.jpg" crc="3845420546" seo="true" ref="portfolio">
      <caption webpage="portfolio" alt=""/>
    </file>
    <file name="f4zmdhir_342.jpg" crc="3798406575" seo="true" ref="portfolio">
      <caption webpage="portfolio" alt=""/>
    </file>
    <file name="khmicc9krwm461x457.jpg" crc="173272813" seo="true" ref="portfolio">
      <caption webpage="portfolio" alt=""/>
    </file>
    <file name="m3c_ptf1uom2.jpg" crc="3867497552" seo="true" ref="portfolio">
      <caption webpage="portfolio" alt=""/>
    </file>
    <file name="n7kdt-hbh9y2.jpg" crc="3986097661" seo="true" ref="portfolio">
      <caption webpage="portfolio" alt=""/>
    </file>
    <file name="t7nzmxuvuv02.jpg" crc="434430333" seo="true" ref="portfolio">
      <caption webpage="portfolio" alt=""/>
    </file>
    <file name="vvl5ohtpm7u2.jpg" crc="4257645946" seo="true" ref="portfolio">
      <caption webpage="portfolio" alt=""/>
    </file>
    <file name="x_rgjvr5qfs2.jpg" crc="474349138" seo="true" ref="portfolio">
      <caption webpage="portfolio" alt=""/>
    </file>
  </folder>
  <folder name="tablet">
    <folder name="css">
      <file name="master_______-a.css" crc="4175087567" ref="tablet>portfolio:tablet>index"/>
      <file name="portfolio.css" crc="479738522" ref="tablet>portfolio"/>
      <file name="index.css" crc="3810488652" ref="tablet>index"/>
    </folder>
    <file name="index.html" crc="4278430312" seo="true" mt="1490011781845" redirect="true"/>
    <file name="portfolio.html" crc="34765352" seo="true" mt="1490011727580" redirect="true"/>
  </folder>
  <file name="index.html" crc="417806470" seo="true" mt="1490036041299" redirect="true"/>
  <file name="portfolio.html" crc="3769908107" seo="true" mt="1490011717776" redirect="true"/>
</manifest>